"ship-city","total_sales","sales_rank"
"BENGALURU","6849664.989999999","1"
"HYDERABAD","4946032.819999999","2"
"MUMBAI","3704461.8000000007","3"
"NEW DELHI","3613874.7799999993","4"
"CHENNAI","3098745.74","5"
"PUNE","2338518.1799999997","6"
"KOLKATA","1414978.87","7"
"GURUGRAM","1221618.74","8"
"THANE","1004355.29","9"
"LUCKNOW","933926.3400000001","10"
