"year_month","total_sales","total_profit","sales_mom_growth","profit_mom_growth"
"2022-06","2.342580937999996E7","2.342580937999996E7","-0.10678778536274486","-0.10678778536274486"
"2022-05","2.6226476749999978E7","2.6226476749999978E7","-0.09058074103091107","-0.09058074103091107"
"2022-04","2.8838708319999866E7","2.8838708319999866E7","282.6114911069936","282.6114911069936"
"2022-03","101683.84999999998","101683.84999999998",,
