"sub_category","total_sales"
"JNE3797","2933482.0"
"J0230","1944948.48"
"SET268","1303923.56"
"J0341","1275322.87"
"J0003","981973.7499999993"
"JNE3405","846822.3600000001"
"J0008","819169.96"
"SET345","723402.79"
"SET324","720096.8200000003"
"SET278","719791.4800000001"
